Data,Otwarcie,Najwyzszy,Najnizszy,Zamkniecie
2018-05-08,4.26118,4.28903,4.25406,4.28104
2018-05-09,4.28108,4.29717,4.2595,4.26341
2018-05-10,4.26346,4.2664,4.23523,4.24859
2018-05-11,4.24976,4.26701,4.24916,4.26461
2018-05-14,4.26331,4.27451,4.25693,4.27245
2018-05-15,4.27287,4.30213,4.27098,4.29473
2018-05-16,4.29485,4.30012,4.27062,4.27204
2018-05-17,4.27204,4.30002,4.27043,4.29631
2018-05-18,4.29625,4.30332,4.28474,4.30175
2018-05-21,4.30137,4.3148,4.2888,4.28958
2018-05-22,4.28968,4.29393,4.271,4.28375
2018-05-23,4.28354,4.31645,4.28197,4.30314
2018-05-24,4.3033,4.31763,4.28979,4.30896
2018-05-25,4.30948,4.31871,4.29607,4.31535
2018-05-28,4.31031,4.31307,4.29439,4.29939
2018-05-29,4.29939,4.3387,4.29781,4.33326
2018-05-30,4.33371,4.34023,4.3029,4.30488
2018-05-31,4.30489,4.32305,4.30206,4.31629
2018-06-01,4.31628,4.3222,4.29952,4.30372
2018-06-04,4.30476,4.30843,4.269,4.27185
2018-06-05,4.27179,4.29111,4.26688,4.27949
2018-06-06,4.2791,4.28492,4.26229,4.26717
2018-06-07,4.26718,4.28156,4.25721,4.27494
2018-06-08,4.27607,4.29526,4.27226,4.27807
2018-06-11,4.27746,4.28098,4.26315,4.26641
2018-06-12,4.26631,4.28316,4.26266,4.27958
2018-06-13,4.27973,4.2846,4.2715,4.27832
2018-06-14,4.27826,4.28761,4.26482,4.28462
2018-06-15,4.28445,4.29088,4.27497,4.2864
2018-06-18,4.28182,4.30724,4.27904,4.3041
2018-06-19,4.30422,4.3196,4.29934,4.31094
2018-06-20,4.3112,4.32074,4.30298,4.31586
2018-06-21,4.31583,4.33284,4.31481,4.32782
2018-06-22,4.32779,4.32993,4.30976,4.32378
2018-06-25,4.32181,4.34951,4.31795,4.34335
2018-06-26,4.3436,4.34851,4.33024,4.33718
2018-06-27,4.33729,4.35596,4.32762,4.35183
2018-06-28,4.35178,4.37044,4.34868,4.36409
2018-06-29,4.36389,4.37739,4.35076,4.37375
2018-07-02,4.36836,4.41437,4.36378,4.39886
2018-07-03,4.39892,4.41225,4.3874,4.39387
2018-07-04,4.39386,4.40226,4.37584,4.38141
2018-07-05,4.38136,4.38488,4.34912,4.35161
2018-07-06,4.35169,4.37018,4.34759,4.35382
2018-07-09,4.35749,4.35772,4.30966,4.31475
2018-07-10,4.31469,4.33808,4.3077,4.31524
2018-07-11,4.31528,4.34922,4.3089,4.34191
2018-07-12,4.34253,4.34366,4.31372,4.31954
2018-07-13,4.31961,4.33191,4.31282,4.31297
2018-07-16,4.31699,4.31715,4.29919,4.30146
2018-07-17,4.30142,4.3099,4.29092,4.29697
2018-07-18,4.29698,4.31376,4.29569,4.31037
2018-07-19,4.31037,4.34221,4.30732,4.33936
2018-07-20,4.33905,4.35165,4.31355,4.31894
2018-07-23,4.32749,4.33145,4.31604,4.32618
2018-07-24,4.32613,4.33585,4.29611,4.30047
2018-07-25,4.30043,4.31109,4.29364,4.30153
2018-07-26,4.30143,4.3024,4.28166,4.28772
2018-07-27,4.28767,4.29726,4.26997,4.28474
2018-07-30,4.28358,4.28844,4.26847,4.27134
2018-07-31,4.27087,4.28274,4.26811,4.27644
2018-08-01,4.27646,4.28323,4.26002,4.26337
2018-08-02,4.2635,4.28495,4.26071,4.27423
2018-08-03,4.27434,4.2818,4.25195,4.26189
2018-08-06,4.25661,4.27682,4.25348,4.25833
2018-08-07,4.25854,4.26064,4.24622,4.25729
2018-08-08,4.25729,4.26622,4.25409,4.26507
2018-08-09,4.26499,4.28082,4.26347,4.27732
2018-08-10,4.27731,4.30611,4.27066,4.29444
2018-08-13,4.30289,4.32272,4.28566,4.30107
2018-08-14,4.30097,4.30924,4.28882,4.30514
2018-08-15,4.30508,4.34379,4.29607,4.32138
2018-08-16,4.32137,4.32266,4.30087,4.30505
2018-08-17,4.30493,4.31934,4.29276,4.29656
2018-08-20,4.29908,4.31722,4.29366,4.30912
2018-08-21,4.30912,4.31137,4.28394,4.28771
2018-08-22,4.28847,4.29723,4.26877,4.26947
2018-08-23,4.26954,4.29147,4.26921,4.28995
2018-08-24,4.28998,4.29202,4.26957,4.27565
2018-08-27,4.2768,4.27916,4.26613,4.27235
2018-08-28,4.27233,4.27683,4.26563,4.27086
2018-08-29,4.27096,4.29121,4.26909,4.2881
2018-08-30,4.28813,4.30504,4.28454,4.29874
2018-08-31,4.29868,4.30503,4.28115,4.30319
2018-09-03,4.30094,4.30523,4.28621,4.29192
2018-09-04,4.29196,4.31403,4.2907,4.31008
2018-09-05,4.31035,4.33501,4.30748,4.32877
2018-09-06,4.3289,4.33989,4.31202,4.32431
2018-09-07,4.32434,4.3257,4.30081,4.31399
2018-09-10,4.31407,4.32316,4.30869,4.31234
2018-09-11,4.31229,4.31292,4.30159,4.30409
2018-09-12,4.3042,4.31511,4.30283,4.3075
2018-09-13,4.3066,4.3191,4.29868,4.30554
2018-09-14,4.30561,4.31386,4.29766,4.30479
2018-09-17,4.30623,4.31081,4.29488,4.30026
2018-09-18,4.30027,4.30478,4.28757,4.28852
2018-09-19,4.28848,4.29716,4.28549,4.28574
2018-09-20,4.28595,4.30086,4.28512,4.29044
2018-09-21,4.29041,4.30822,4.28781,4.30703
2018-09-24,4.30972,4.31113,4.29321,4.29594
2018-09-25,4.29594,4.30427,4.2856,4.28929
2018-09-26,4.28919,4.28941,4.26841,4.27395
2018-09-27,4.27377,4.28239,4.26625,4.27035
2018-09-28,4.2702,4.28723,4.26598,4.28036
2018-10-01,4.27861,4.28632,4.27102,4.28495
2018-10-02,4.28485,4.29928,4.28436,4.2967
2018-10-03,4.2967,4.30393,4.28514,4.29682
2018-10-04,4.29664,4.31685,4.29579,4.31033
2018-10-05,4.31011,4.31385,4.29839,4.30707
2018-10-08,4.30614,4.32038,4.30309,4.31406
2018-10-09,4.31423,4.32146,4.30073,4.3027
2018-10-10,4.30242,4.32294,4.3011,4.32173
2018-10-11,4.32161,4.32441,4.30403,4.3126
2018-10-12,4.31307,4.31307,4.29292,4.29787
2018-10-15,4.29813,4.29963,4.28304,4.29239
2018-10-16,4.29239,4.29571,4.28316,4.28539
2018-10-17,4.28535,4.29607,4.28447,4.29096
2018-10-18,4.29101,4.31043,4.28895,4.30538
2018-10-19,4.30534,4.30859,4.29312,4.29493
2018-10-22,4.29875,4.30125,4.28767,4.29209
2018-10-23,4.29197,4.30094,4.29094,4.29595
2018-10-24,4.29597,4.31624,4.28432,4.3132
2018-10-25,4.31316,4.31696,4.3055,4.31083
2018-10-26,4.31092,4.31953,4.30645,4.31022
2018-10-29,4.31132,4.33282,4.30524,4.32818
2018-10-30,4.32824,4.33379,4.32176,4.33093
2018-10-31,4.33093,4.34699,4.32725,4.34251
2018-11-01,4.34269,4.34293,4.3217,4.32437
2018-11-02,4.324,4.32638,4.30386,4.30828
2018-11-05,4.30785,4.31504,4.30376,4.3055
2018-11-06,4.30546,4.31333,4.30231,4.30477
2018-11-07,4.30475,4.30672,4.28578,4.28805
2018-11-08,4.28816,4.29683,4.27599,4.28068
2018-11-09,4.28029,4.29437,4.27781,4.28799
2018-11-12,4.28922,4.30556,4.2854,4.30548
2018-11-13,4.30541,4.30619,4.28834,4.29322
2018-11-14,4.29328,4.2997,4.28787,4.29623
2018-11-15,4.29618,4.29884,4.28501,4.29022
2018-11-16,4.29048,4.31811,4.28458,4.31384
2018-11-19,4.31579,4.33507,4.31141,4.33128
2018-11-20,4.33153,4.33815,4.3031,4.31004
2018-11-21,4.31037,4.31216,4.29675,4.30137
2018-11-22,4.30155,4.30737,4.29257,4.29345
2018-11-23,4.2936,4.30012,4.28882,4.29142
2018-11-26,4.29134,4.29956,4.28758,4.29609
2018-11-27,4.29604,4.30032,4.28784,4.29317
2018-11-28,4.29295,4.3005,4.28228,4.28629
2018-11-29,4.28643,4.29716,4.28476,4.2872
2018-11-30,4.2872,4.29398,4.28437,4.29225
2018-12-03,4.28908,4.28925,4.27504,4.27735
2018-12-04,4.27725,4.28587,4.27488,4.28189
2018-12-05,4.28198,4.29041,4.27986,4.28246
2018-12-06,4.28281,4.29387,4.27758,4.28094
2018-12-07,4.28109,4.29418,4.27938,4.29253
2018-12-10,4.29125,4.29621,4.28563,4.2942
2018-12-11,4.29469,4.30289,4.29279,4.30098
2018-12-12,4.30098,4.30368,4.28844,4.29067
2018-12-13,4.29098,4.30013,4.28754,4.29542
2018-12-14,4.29622,4.30631,4.28967,4.29195
2018-12-17,4.29211,4.29262,4.27919,4.28291
2018-12-18,4.28285,4.28832,4.28105,4.285
2018-12-19,4.28493,4.28977,4.27989,4.28747
2018-12-20,4.28732,4.28998,4.28013,4.28494
2018-12-21,4.28491,4.29513,4.27927,4.28829
2018-12-24,4.29021,4.29273,4.27885,4.28135
2018-12-26,4.2882,4.29377,4.28145,4.28209
2018-12-27,4.28215,4.29888,4.27686,4.29585
2018-12-28,4.29552,4.3074,4.29038,4.30147
2018-12-31,4.30058,4.30784,4.28739,4.28995
2019-01-02,4.2878,4.30478,4.28678,4.29988
2019-01-03,4.29999,4.3129,4.28821,4.29283
2019-01-04,4.2923,4.30235,4.28418,4.28757
2019-01-07,4.29014,4.3001,4.28915,4.29603
2019-01-08,4.29621,4.30678,4.29568,4.29709
2019-01-09,4.29708,4.30254,4.29115,4.30094
2019-01-10,4.30096,4.30689,4.29147,4.29612
2019-01-11,4.29624,4.2993,4.29138,4.29153
2019-01-14,4.2937,4.29783,4.2879,4.2916
2019-01-15,4.29155,4.29707,4.2879,4.29411
2019-01-16,4.29403,4.29535,4.27941,4.2816
2019-01-17,4.2815,4.28966,4.28048,4.28751
2019-01-18,4.28759,4.29673,4.28529,4.28652
2019-01-21,4.28964,4.29442,4.28211,4.28654
2019-01-22,4.28625,4.29089,4.28149,4.28588
2019-01-23,4.28598,4.29376,4.28438,4.28743
2019-01-24,4.28724,4.29697,4.28538,4.28745
2019-01-25,4.28822,4.29394,4.28523,4.28738
2019-01-28,4.2869,4.29499,4.28494,4.29232
2019-01-29,4.29213,4.29803,4.29133,4.29514
2019-01-30,4.29514,4.29804,4.28247,4.28501
2019-01-31,4.28487,4.28785,4.25878,4.26184
2019-02-01,4.26173,4.29436,4.26149,4.29035
2019-02-04,4.28496,4.29221,4.27842,4.28532
2019-02-05,4.28538,4.29073,4.28442,4.28679
2019-02-06,4.28685,4.30005,4.28605,4.29401
2019-02-07,4.29401,4.30923,4.29383,4.30709
2019-02-08,4.30714,4.31463,4.3037,4.31451
2019-02-11,4.31117,4.32732,4.30881,4.32395
2019-02-12,4.32393,4.33493,4.32115,4.32817
2019-02-13,4.32828,4.34084,4.32575,4.33846
2019-02-14,4.33865,4.3423,4.32808,4.3296
2019-02-15,4.32962,4.33515,4.32178,4.33499
2019-02-18,4.33043,4.33382,4.32675,4.33008
2019-02-19,4.32997,4.33776,4.32625,4.33035
2019-02-20,4.33052,4.34533,4.32789,4.33049
2019-02-21,4.33061,4.34057,4.32618,4.33436
2019-02-22,4.33427,4.33938,4.33261,4.33824
2019-02-25,4.3378,4.34145,4.33314,4.33834
2019-02-26,4.33824,4.3388,4.32236,4.32367
2019-02-27,4.3238,4.3279,4.31182,4.31391
2019-02-28,4.31411,4.31923,4.30065,4.30378
2019-03-01,4.30389,4.3107,4.30106,4.30419
2019-03-04,4.30475,4.30561,4.29714,4.29896
2019-03-05,4.29885,4.30527,4.29442,4.30055
2019-03-06,4.30037,4.30215,4.29662,4.29803
2019-03-07,4.29809,4.31502,4.29612,4.31375
2019-03-08,4.31346,4.31631,4.29674,4.30182
2019-03-11,4.30158,4.30458,4.29413,4.29987
2019-03-12,4.29998,4.30537,4.29573,4.2978
2019-03-13,4.29801,4.30437,4.29603,4.29939
2019-03-14,4.29928,4.30586,4.29822,4.30288
2019-03-15,4.30312,4.30634,4.29811,4.29944
2019-03-18,4.29936,4.30317,4.2888,4.29105
2019-03-19,4.29147,4.29535,4.28622,4.28774
2019-03-20,4.28788,4.28969,4.27827,4.27866
2019-03-21,4.27884,4.28935,4.27763,4.28516
2019-03-22,4.28538,4.30163,4.27956,4.29915
2019-03-25,4.2992,4.301,4.28831,4.29122
2019-03-26,4.29126,4.29868,4.28875,4.29136
2019-03-27,4.2913,4.30026,4.29034,4.29247
2019-03-28,4.29267,4.30101,4.29263,4.29595
2019-03-29,4.296,4.30754,4.2925,4.30473
2019-04-01,4.30137,4.30583,4.29294,4.29421
2019-04-02,4.29451,4.30227,4.29315,4.29712
2019-04-03,4.2959,4.29788,4.28523,4.28811
2019-04-04,4.28815,4.29562,4.28711,4.28879
2019-04-05,4.28878,4.29438,4.28564,4.28999
2019-04-08,4.29197,4.2942,4.28541,4.28674
2019-04-09,4.2868,4.28897,4.28316,4.28481
2019-04-10,4.28478,4.28637,4.27904,4.28041
2019-04-11,4.28037,4.28484,4.27929,4.28308
2019-04-12,4.28313,4.28625,4.27479,4.27847
2019-04-15,4.27918,4.28183,4.27157,4.27429
2019-04-16,4.27415,4.27944,4.27212,4.27369
2019-04-17,4.27377,4.27886,4.27039,4.2707
2019-04-18,4.27062,4.28275,4.27026,4.27832
2019-04-22,4.27857,4.28542,4.27647,4.28337
2019-04-23,4.28381,4.29027,4.28186,4.28577
2019-04-24,4.28555,4.29746,4.28231,4.29668
2019-04-25,4.29668,4.29995,4.28989,4.29251
2019-04-26,4.29251,4.29691,4.28664,4.29632
2019-04-29,4.29625,4.29824,4.29023,4.29379
2019-04-30,4.29275,4.29608,4.28215,4.28569
2019-05-01,4.28571,4.28845,4.27738,4.28502
2019-05-02,4.28497,4.28797,4.27733,4.28557
2019-05-03,4.2856,4.28946,4.27519,4.27653
2019-05-06,4.28294,4.28641,4.27934,4.28212
2019-05-07,4.28239,4.29277,4.28161,4.29043
2019-05-08,4.29035,4.29479,4.28826,4.29238
2019-05-09,4.29222,4.30269,4.29078,4.29861
2019-05-10,4.29855,4.3008,4.29459,4.2972
2019-05-13,4.29689,4.30872,4.29628,4.30563
2019-05-14,4.30536,4.31157,4.30273,4.30884
2019-05-15,4.30881,4.3141,4.29935,4.29991
2019-05-16,4.29998,4.30434,4.29201,4.3016
2019-05-17,4.30225,4.30945,4.30015,4.30786
2019-05-20,4.30475,4.30645,4.29622,4.29817
2019-05-21,4.2981,4.31,4.29604,4.30603
2019-05-22,4.30603,4.31152,4.30333,4.30492
2019-05-23,4.30495,4.31126,4.30123,4.30422
2019-05-24,4.30417,4.30661,4.28958,4.29202
2019-05-27,4.29246,4.29644,4.28641,4.28978
2019-05-28,4.28973,4.29801,4.28803,4.29669
2019-05-29,4.29678,4.3039,4.29271,4.29372
2019-05-30,4.29377,4.29692,4.28556,4.2905
2019-05-31,4.29039,4.29357,4.28012,4.28159
2019-06-03,4.28238,4.28534,4.27775,4.28019
2019-06-04,4.28013,4.28461,4.27576,4.27839
2019-06-05,4.27811,4.28081,4.27298,4.27602
2019-06-06,4.27625,4.28037,4.2717,4.2727
2019-06-07,4.27262,4.28217,4.25839,4.25934
2019-06-10,4.26119,4.26577,4.25904,4.26135
2019-06-11,4.26156,4.26871,4.26015,4.26302
2019-06-12,4.26319,4.26561,4.25343,4.25465
2019-06-13,4.25475,4.26158,4.25403,4.2559
2019-06-14,4.2559,4.25866,4.25233,4.25707
2019-06-17,4.25806,4.26318,4.256,4.26074
2019-06-18,4.2608,4.26586,4.25272,4.25871
2019-06-19,4.25866,4.26947,4.25789,4.2593
2019-06-20,4.25914,4.26261,4.2516,4.25284
2019-06-21,4.25312,4.26663,4.2514,4.2542
2019-06-24,4.25692,4.25697,4.2511,4.25209
2019-06-25,4.25205,4.2586,4.25018,4.25554
2019-06-26,4.25562,4.26611,4.25485,4.26063
2019-06-27,4.26082,4.26415,4.25035,4.2513
2019-06-28,4.25115,4.25397,4.24282,4.24548
2019-07-01,4.24399,4.24739,4.23731,4.243
2019-07-02,4.24158,4.24649,4.23882,4.24291
2019-07-03,4.24291,4.24537,4.23837,4.23996
2019-07-04,4.24002,4.24457,4.23801,4.24232
2019-07-05,4.24251,4.25546,4.24162,4.24943
2019-07-08,4.25146,4.25917,4.24904,4.25689
2019-07-09,4.25679,4.27454,4.25459,4.26972
2019-07-10,4.26966,4.27569,4.26448,4.26581
2019-07-11,4.26608,4.27113,4.26438,4.26828
2019-07-12,4.26837,4.27129,4.26599,4.27095
2019-07-15,4.26968,4.27034,4.25958,4.26098
2019-07-16,4.26088,4.26259,4.25498,4.25611
2019-07-17,4.25629,4.26673,4.25593,4.26337
2019-07-18,4.26293,4.26812,4.25338,4.25429
2019-07-19,4.25429,4.2603,4.24784,4.2508
2019-07-22,4.25029,4.25427,4.2455,4.24663
2019-07-23,4.24663,4.25861,4.24575,4.25521
2019-07-24,4.2553,4.26069,4.25027,4.25237
2019-07-25,4.25235,4.26159,4.24677,4.25727
2019-07-26,4.25739,4.2768,4.25677,4.27428
2019-07-29,4.27283,4.28991,4.27053,4.2886
2019-07-30,4.2888,4.29998,4.28754,4.29744
2019-07-31,4.29756,4.29997,4.28388,4.29007
2019-08-01,4.29006,4.30966,4.28574,4.30756
2019-08-02,4.30724,4.31423,4.29809,4.30718
2019-08-05,4.30746,4.32183,4.30686,4.321
2019-08-06,4.3209,4.32232,4.30797,4.31554
2019-08-07,4.31557,4.32469,4.31452,4.32023
2019-08-08,4.32032,4.32583,4.31739,4.32123
2019-08-09,4.3214,4.32621,4.3175,4.32539
2019-08-12,4.3243,4.33013,4.3223,4.32933
2019-08-13,4.32925,4.34648,4.32695,4.3335
2019-08-14,4.33357,4.37685,4.33273,4.37263
2019-08-15,4.37285,4.39705,4.36558,4.37426
2019-08-16,4.37445,4.37447,4.32388,4.33914
2019-08-19,4.33779,4.37767,4.3374,4.36485
2019-08-20,4.36468,4.37068,4.35092,4.35542
2019-08-21,4.35537,4.36149,4.34528,4.34774
2019-08-22,4.34758,4.37805,4.34702,4.35841
2019-08-23,4.35846,4.38301,4.35108,4.37957
2019-08-26,4.37636,4.38178,4.35675,4.36084
2019-08-27,4.36097,4.37845,4.35948,4.37486
2019-08-28,4.37488,4.39241,4.37485,4.39174
2019-08-29,4.39164,4.39957,4.3794,4.38713
2019-08-30,4.38713,4.39099,4.37218,4.37451
2019-09-02,4.37887,4.37887,4.34991,4.36011
2019-09-03,4.36011,4.36959,4.34385,4.34581
2019-09-04,4.34576,4.34875,4.33176,4.34194
2019-09-05,4.34188,4.34975,4.33424,4.34116
2019-09-06,4.3417,4.34557,4.33424,4.34022
2019-09-09,4.33744,4.34153,4.33107,4.3324
2019-09-10,4.33232,4.33859,4.33071,4.33179
2019-09-11,4.33159,4.34231,4.331,4.34006
2019-09-12,4.34005,4.35799,4.3273,4.33656
2019-09-13,4.33639,4.34123,4.31677,4.32719
2019-09-16,4.32203,4.33109,4.32123,4.33045
2019-09-17,4.33063,4.3473,4.33022,4.33525
2019-09-18,4.33522,4.34476,4.33209,4.3405
2019-09-19,4.33862,4.35076,4.33549,4.33742
2019-09-20,4.33788,4.38187,4.33684,4.37564
2019-09-23,4.37533,4.39707,4.37128,4.39153
2019-09-24,4.39157,4.39623,4.37358,4.38024
2019-09-25,4.38024,4.3951,4.3788,4.38114
2019-09-26,4.38101,4.39782,4.37292,4.38599
2019-09-27,4.38599,4.39423,4.37832,4.38441
2019-09-30,4.38039,4.38421,4.36744,4.37094
2019-10-01,4.37122,4.38481,4.36745,4.38181
2019-10-02,4.38185,4.38514,4.3557,4.35764
2019-10-03,4.35761,4.37108,4.3282,4.33373
2019-10-04,4.3336,4.33489,4.31826,4.31933
2019-10-07,4.31947,4.3348,4.31842,4.3292
2019-10-08,4.32924,4.3358,4.31923,4.32092
2019-10-09,4.32139,4.32983,4.31961,4.32206
2019-10-10,4.32223,4.32662,4.30908,4.30997
2019-10-11,4.30992,4.31345,4.29847,4.30176
2019-10-14,4.30515,4.30876,4.29143,4.29523
2019-10-15,4.29516,4.29936,4.28949,4.29181
2019-10-16,4.29175,4.30075,4.28186,4.28363
2019-10-17,4.28363,4.29498,4.27824,4.28485
2019-10-18,4.28544,4.28751,4.27962,4.28118
2019-10-21,4.28245,4.28315,4.27512,4.2761
2019-10-22,4.27639,4.281,4.26754,4.27152
2019-10-23,4.27144,4.28167,4.26929,4.27428
2019-10-24,4.27437,4.28247,4.27148,4.27861
2019-10-25,4.27843,4.28079,4.27252,4.27942
2019-10-28,4.27629,4.28406,4.27018,4.27344
2019-10-29,4.27343,4.27661,4.26361,4.26638
2019-10-30,4.26636,4.27016,4.25614,4.25793
2019-10-31,4.25806,4.26445,4.255,4.26263
2019-11-01,4.26261,4.26373,4.25046,4.25144
2019-11-04,4.25224,4.26928,4.25066,4.26881
2019-11-05,4.26877,4.27154,4.26131,4.26493
2019-11-06,4.26504,4.27424,4.26318,4.26583
2019-11-07,4.26547,4.26803,4.25509,4.25883
2019-11-08,4.25888,4.26831,4.25791,4.26524
2019-11-11,4.26372,4.27676,4.26219,4.27032
2019-11-12,4.27029,4.28339,4.26969,4.28161
2019-11-13,4.28151,4.29345,4.28117,4.28703
2019-11-14,4.28693,4.29704,4.28319,4.28445
2019-11-15,4.28433,4.28771,4.27176,4.27556
2019-11-18,4.27426,4.29666,4.27362,4.29625
2019-11-19,4.29621,4.29625,4.28448,4.2851
2019-11-20,4.28529,4.29719,4.28434,4.29477
2019-11-21,4.29477,4.30027,4.29206,4.29719
2019-11-22,4.29719,4.30028,4.29405,4.29769
2019-11-25,4.29657,4.2998,4.29447,4.29753
2019-11-26,4.29759,4.30837,4.29583,4.30529
2019-11-27,4.30533,4.31333,4.30407,4.30983
2019-11-28,4.30988,4.32486,4.3067,4.31955
2019-11-29,4.31902,4.32848,4.31097,4.31466
2019-12-02,4.31433,4.31638,4.28152,4.2868
2019-12-03,4.28695,4.2915,4.27992,4.28497
2019-12-04,4.2833,4.28417,4.27716,4.28046
2019-12-05,4.28024,4.28148,4.27389,4.27676
2019-12-06,4.27671,4.28475,4.2665,4.27623
2019-12-09,4.27764,4.28923,4.27396,4.28743
2019-12-10,4.28743,4.29115,4.28629,4.2901
2019-12-11,4.29022,4.29184,4.28136,4.28287
2019-12-12,4.28296,4.28852,4.27534,4.28666
2019-12-13,4.28512,4.29045,4.26675,4.26886
2019-12-16,4.27059,4.28343,4.2557,4.25869
2019-12-17,4.25794,4.26566,4.25531,4.25996
2019-12-18,4.26003,4.27532,4.25665,4.26656
2019-12-19,4.26607,4.27335,4.25303,4.26254
2019-12-20,4.26253,4.2638,4.25471,4.25562
2019-12-23,4.25638,4.27526,4.25355,4.27296
2019-12-24,4.27287,4.27492,4.2527,4.26064
2019-12-26,4.25682,4.26351,4.25594,4.25877
2019-12-27,4.25877,4.27155,4.25465,4.26113
2019-12-30,4.26143,4.26943,4.25365,4.2543
2019-12-31,4.25455,4.2641,4.25092,4.25405
2020-01-02,4.2567,4.25805,4.23877,4.23943
2020-01-03,4.23964,4.25851,4.23757,4.24404
2020-01-06,4.24375,4.25129,4.23097,4.23154
2020-01-07,4.23159,4.25007,4.23098,4.24477
2020-01-08,4.24541,4.24941,4.23132,4.23317
2020-01-09,4.23328,4.24749,4.2324,4.2452
2020-01-10,4.24519,4.24869,4.23174,4.23432
2020-01-13,4.2365,4.24138,4.23244,4.23294
2020-01-14,4.2328,4.23666,4.21071,4.22206
2020-01-15,4.22189,4.23348,4.22109,4.23031
2020-01-16,4.23032,4.23842,4.22825,4.23133
2020-01-17,4.23137,4.24442,4.23045,4.241
2020-01-20,4.24001,4.24621,4.23758,4.2429
2020-01-21,4.24363,4.24861,4.22721,4.23115
2020-01-22,4.23119,4.24141,4.22818,4.23806
2020-01-23,4.23817,4.24882,4.23742,4.24603
2020-01-24,4.246,4.26111,4.23772,4.25823
2020-01-27,4.25573,4.27927,4.25384,4.27774
2020-01-28,4.27769,4.28283,4.26611,4.27104
2020-01-29,4.27101,4.28687,4.27002,4.28551
2020-01-30,4.28537,4.29628,4.27849,4.293
2020-01-31,4.2931,4.30723,4.29069,4.29678
2020-02-03,4.29697,4.30499,4.28927,4.29684
2020-02-04,4.29702,4.30181,4.27066,4.27416
2020-02-05,4.27404,4.27837,4.23629,4.2457
2020-02-06,4.24579,4.26019,4.24241,4.25883
2020-02-07,4.25873,4.27519,4.25769,4.27484
2020-02-10,4.27211,4.27395,4.26176,4.26445
2020-02-11,4.26445,4.26762,4.24936,4.25568
2020-02-12,4.25557,4.26134,4.24909,4.25133
2020-02-13,4.25139,4.26133,4.24515,4.24705
2020-02-14,4.24662,4.2533,4.23707,4.25036
2020-02-17,4.24985,4.26426,4.24503,4.25957
2020-02-18,4.26005,4.27764,4.25927,4.26756
2020-02-19,4.26741,4.27507,4.26482,4.26964
2020-02-20,4.26994,4.28533,4.26703,4.27991
2020-02-21,4.27975,4.29414,4.2765,4.29107
2020-02-24,4.29493,4.30699,4.29213,4.30624
2020-02-25,4.30634,4.30776,4.2886,4.30423
2020-02-26,4.30418,4.31662,4.30306,4.31602
2020-02-27,4.3161,4.32486,4.30437,4.32382
2020-02-28,4.32376,4.3373,4.32307,4.32913
2020-03-02,4.33054,4.33469,4.30842,4.31751
2020-03-03,4.31772,4.32477,4.29381,4.30592
2020-03-04,4.30597,4.30982,4.2869,4.29582
2020-03-05,4.29619,4.30865,4.28786,4.3069
2020-03-06,4.30691,4.31955,4.28916,4.30123
2020-03-09,4.31146,4.33512,4.30796,4.32494
2020-03-10,4.3247,4.33188,4.30311,4.30815
2020-03-11,4.30803,4.33121,4.30511,4.3268
2020-03-12,4.32645,4.38947,4.32599,4.37935
2020-03-13,4.37983,4.38886,4.35186,4.37771
2020-03-16,4.37381,4.45329,4.37308,4.44311
2020-03-17,4.44334,4.49724,4.43173,4.47156
2020-03-18,4.47149,4.54987,4.46021,4.49949
2020-03-19,4.5001,4.61829,4.48922,4.54374
2020-03-20,4.54324,4.58263,4.5083,4.52726
2020-03-23,4.52104,4.63472,4.50147,4.61374
2020-03-24,4.61507,4.63461,4.57678,4.60552
2020-03-25,4.60544,4.60723,4.54358,4.5669
2020-03-26,4.56678,4.59793,4.51101,4.52452
2020-03-27,4.52421,4.54595,4.51221,4.5371
2020-03-30,4.53676,4.56618,4.52967,4.54426
2020-03-31,4.54426,4.57611,4.53132,4.55781
2020-04-01,4.55907,4.60305,4.55721,4.60162
2020-04-02,4.60169,4.60471,4.55893,4.57299
2020-04-03,4.57299,4.58815,4.55814,4.58562
2020-04-06,4.58749,4.59463,4.54308,4.56213
2020-04-07,4.56098,4.56534,4.51459,4.52819
2020-04-08,4.52772,4.54631,4.52338,4.52659
2020-04-09,4.5266,4.56195,4.51781,4.54854
2020-04-13,4.55273,4.57515,4.54668,4.5594
2020-04-14,4.55931,4.5599,4.51454,4.52018
2020-04-15,4.52035,4.54647,4.51768,4.53786
2020-04-16,4.53765,4.55315,4.52634,4.5336
2020-04-17,4.5336,4.54242,4.51372,4.51999
2020-04-20,4.51872,4.5311,4.51264,4.52279
2020-04-21,4.52325,4.5382,4.52133,4.53234
2020-04-22,4.53238,4.55865,4.52427,4.54808
2020-04-23,4.54821,4.55714,4.53198,4.54233
2020-04-24,4.54172,4.54438,4.52007,4.5372
2020-04-27,4.53661,4.54044,4.51411,4.53489
2020-04-28,4.53485,4.55298,4.5341,4.5478
2020-04-29,4.54785,4.55198,4.5355,4.5452
2020-04-30,4.54518,4.55048,4.53037,4.54489
2020-05-01,4.54488,4.57229,4.54281,4.56745
2020-05-04,4.56738,4.57148,4.54595,4.54825
2020-05-05,4.54796,4.55416,4.53031,4.53616
2020-05-06,4.53622,4.55661,4.52659,4.55055
2020-05-07,4.55055,4.56363,4.54234,4.55374
2020-05-08,4.55379,4.56146,4.54528,4.55017
2020-05-11,4.5517,4.56527,4.5411,4.55919
2020-05-12,4.55919,4.56781,4.54392,4.56418
2020-05-13,4.56416,4.57273,4.55894,4.56546
2020-05-14,4.56602,4.57349,4.5564,4.56055
2020-05-15,4.56054,4.5716,4.55329,4.56773
2020-05-18,4.56627,4.56859,4.55877,4.56483
2020-05-19,4.56532,4.56583,4.54285,4.54967
2020-05-20,4.54925,4.55564,4.52979,4.53614
2020-05-21,4.53495,4.54197,4.51145,4.51343
2020-05-22,4.51348,4.52751,4.50923,4.51284
2020-05-25,4.51574,4.51743,4.49875,4.50076
2020-05-26,4.5005,4.50267,4.42594,4.43942
2020-05-27,4.44004,4.44462,4.40659,4.43244
2020-05-28,4.43236,4.45656,4.4147,4.45579
2020-05-29,4.45572,4.46092,4.43976,4.44866
2020-06-01,4.43642,4.44476,4.3963,4.40302
2020-06-02,4.40291,4.41081,4.38153,4.38558
2020-06-03,4.38582,4.41641,4.37114,4.41267
2020-06-04,4.4126,4.45567,4.40855,4.4364
2020-06-05,4.4364,4.45894,4.42472,4.43465
2020-06-08,4.43922,4.45283,4.41995,4.42404
2020-06-09,4.42465,4.45299,4.42144,4.44553
2020-06-10,4.44563,4.46891,4.44051,4.45093
2020-06-11,4.45092,4.48266,4.44652,4.47217
2020-06-12,4.47238,4.47729,4.44065,4.44416
2020-06-15,4.45053,4.46171,4.41582,4.41703
2020-06-16,4.41709,4.45374,4.41051,4.44817
2020-06-17,4.44817,4.47458,4.43829,4.46374
2020-06-18,4.46382,4.46657,4.44712,4.44945
2020-06-19,4.44961,4.47115,4.44269,4.46589
2020-06-22,4.45598,4.47086,4.43657,4.44032
2020-06-23,4.44013,4.45419,4.43098,4.44756
2020-06-24,4.44742,4.45902,4.44229,4.45514
2020-06-25,4.4547,4.47242,4.44752,4.45479
2020-06-26,4.45462,4.47418,4.45112,4.46753
2020-06-29,4.46819,4.47105,4.45369,4.45651
2020-06-30,4.45641,4.47122,4.43818,4.44672
2020-07-01,4.44667,4.48033,4.4344,4.47433
2020-07-02,4.4729,4.47871,4.46135,4.46463
2020-07-03,4.46416,4.47161,4.45584,4.46441
2020-07-06,4.46467,4.47362,4.45832,4.46431
2020-07-07,4.46483,4.48363,4.46176,4.47638
2020-07-08,4.47662,4.48595,4.47011,4.47512
2020-07-09,4.47483,4.4799,4.46092,4.47085
2020-07-10,4.47028,4.48228,4.46275,4.4654
2020-07-13,4.46492,4.49489,4.46184,4.49274
2020-07-14,4.49321,4.49558,4.47086,4.47484
2020-07-15,4.47503,4.47925,4.46731,4.4765
2020-07-16,4.47671,4.49474,4.47424,4.48427
2020-07-17,4.48427,4.48549,4.47503,4.47823
2020-07-20,4.48383,4.48674,4.45284,4.45727
2020-07-21,4.45728,4.46103,4.42707,4.43326
2020-07-22,4.43293,4.44681,4.41599,4.42183
2020-07-23,4.4219,4.42915,4.40075,4.4102
2020-07-24,4.41039,4.41752,4.40108,4.40456
2020-07-27,4.40857,4.40913,4.38626,4.39411
2020-07-28,4.39425,4.4189,4.38962,4.41155
2020-07-29,4.41155,4.42658,4.40647,4.40811
2020-07-30,4.40811,4.42075,4.39881,4.40899
2020-07-31,4.40923,4.4163,4.39941,4.41226
2020-08-03,4.41818,4.4251,4.40691,4.41183
2020-08-04,4.41181,4.41331,4.39418,4.39758
2020-08-05,4.39764,4.40483,4.3905,4.40049
2020-08-06,4.4006,4.41981,4.39518,4.41474
2020-08-07,4.41533,4.42518,4.4038,4.41329
2020-08-10,4.40851,4.41497,4.3968,4.40016
2020-08-11,4.40041,4.40933,4.39519,4.40701
2020-08-12,4.40715,4.41432,4.39561,4.40242
2020-08-13,4.40244,4.40384,4.39357,4.39863
2020-08-14,4.39863,4.40439,4.38971,4.3979
2020-08-17,4.40184,4.40375,4.3834,4.39713
2020-08-18,4.39606,4.40253,4.37518,4.38084
2020-08-19,4.38078,4.4132,4.3746,4.40368
2020-08-20,4.40357,4.40864,4.38014,4.38454
2020-08-21,4.38454,4.41222,4.3788,4.41075
2020-08-24,4.41069,4.41735,4.38881,4.3943
2020-08-25,4.39452,4.40353,4.38524,4.3976
2020-08-26,4.39761,4.42417,4.39321,4.4122
2020-08-27,4.41235,4.4215,4.39578,4.4103
2020-08-28,4.4103,4.41439,4.38187,4.38794
2020-08-31,4.38712,4.40211,4.38482,4.39695
2020-09-01,4.39691,4.399,4.3839,4.3898
2020-09-02,4.3898,4.42138,4.38474,4.41441
2020-09-03,4.41349,4.44273,4.41028,4.43568
2020-09-04,4.43573,4.47065,4.43423,4.4531
2020-09-07,4.46126,4.46601,4.43269,4.43499
2020-09-08,4.43524,4.46053,4.43277,4.45259
2020-09-09,4.45245,4.46041,4.43882,4.43999
2020-09-10,4.44003,4.4613,4.43878,4.45462
2020-09-11,4.45462,4.45697,4.44056,4.45202
2020-09-14,4.44922,4.45341,4.44069,4.44577
2020-09-15,4.44546,4.45731,4.43468,4.45538
2020-09-16,4.45538,4.45683,4.44392,4.45031
2020-09-17,4.45005,4.46104,4.44779,4.45466
2020-09-18,4.45466,4.46309,4.44803,4.45695
2020-09-21,4.45701,4.50043,4.4448,4.49436
2020-09-22,4.49372,4.51521,4.47945,4.48476
2020-09-23,4.48562,4.51889,4.4817,4.51301
2020-09-24,4.51302,4.56245,4.50851,4.55196
2020-09-25,4.55269,4.56213,4.5434,4.54972
2020-09-28,4.54858,4.59015,4.54204,4.58422
2020-09-29,4.58495,4.59715,4.50985,4.52952
2020-09-30,4.52932,4.54804,4.52196,4.52928
2020-10-01,4.52923,4.53223,4.47394,4.4807
2020-10-02,4.48065,4.50829,4.47896,4.50257
2020-10-05,4.49936,4.50486,4.48071,4.49561
2020-10-06,4.49485,4.49976,4.47358,4.48779
2020-10-07,4.48779,4.49378,4.47291,4.48278
2020-10-08,4.48283,4.49326,4.47549,4.48993
2020-10-09,4.49006,4.49064,4.46058,4.46777
2020-10-12,4.46665,4.49025,4.45535,4.45723
2020-10-13,4.45686,4.49741,4.45547,4.49314
2020-10-14,4.49311,4.51975,4.48404,4.5122
2020-10-15,4.51198,4.5617,4.51019,4.54821
2020-10-16,4.54817,4.58134,4.53297,4.54717
2020-10-19,4.54716,4.57829,4.53545,4.57438
2020-10-20,4.57433,4.59095,4.55983,4.56276
2020-10-21,4.5624,4.59427,4.55245,4.57258
2020-10-22,4.57306,4.59231,4.56595,4.57326
2020-10-23,4.57321,4.59059,4.56747,4.5688
2020-10-26,4.56907,4.58644,4.56157,4.57925
2020-10-27,4.5789,4.59201,4.57465,4.58589
2020-10-28,4.5859,4.63546,4.58283,4.63157
2020-10-29,4.63162,4.64547,4.60744,4.62576
2020-10-30,4.62478,4.6316,4.60334,4.60604
2020-11-02,4.6081,4.61694,4.59122,4.60091
2020-11-03,4.60104,4.60437,4.53097,4.54418
2020-11-04,4.54413,4.60263,4.52614,4.53887
2020-11-05,4.53827,4.54698,4.50583,4.52618
2020-11-06,4.52708,4.54221,4.50141,4.50465
2020-11-09,4.5052,4.5054,4.46011,4.48028
2020-11-10,4.4804,4.51103,4.4762,4.49996
2020-11-11,4.50054,4.50773,4.47709,4.48319
2020-11-12,4.48325,4.49493,4.47842,4.491
2020-11-13,4.491,4.50144,4.48126,4.4826
2020-11-16,4.48283,4.49588,4.46175,4.46938
2020-11-17,4.46938,4.50286,4.4686,4.48858
2020-11-18,4.48831,4.49225,4.46491,4.46659
2020-11-19,4.46701,4.48254,4.46173,4.46915
2020-11-20,4.4699,4.47566,4.45886,4.46651
2020-11-23,4.46692,4.47923,4.46044,4.47141
2020-11-24,4.46963,4.4742,4.4593,4.46456
2020-11-25,4.46408,4.47561,4.46078,4.46447
2020-11-26,4.4645,4.47895,4.46419,4.4754
2020-11-27,4.47651,4.49357,4.47465,4.48578
2020-11-30,4.48815,4.49055,4.46803,4.47892
2020-12-01,4.47891,4.48379,4.44369,4.44939
2020-12-02,4.44936,4.49139,4.44376,4.4784
2020-12-03,4.47773,4.48552,4.46364,4.47025
2020-12-04,4.46917,4.48124,4.46469,4.46786
2020-12-07,4.47028,4.48218,4.46083,4.47471
2020-12-08,4.47441,4.48827,4.44606,4.4482
2020-12-09,4.44814,4.4511,4.4176,4.43306
2020-12-10,4.43306,4.43438,4.42002,4.42748
2020-12-11,4.42738,4.45225,4.42356,4.44552
2020-12-14,4.44332,4.46448,4.42874,4.44134
2020-12-15,4.44136,4.44966,4.43205,4.43952
2020-12-16,4.44028,4.44766,4.42802,4.43829
2020-12-17,4.43835,4.44443,4.42828,4.43933
2020-12-18,4.43928,4.51804,4.43644,4.47264
2020-12-21,4.4781,4.52524,4.47663,4.49651
2020-12-22,4.49692,4.51623,4.4912,4.50504
2020-12-23,4.50467,4.51095,4.48998,4.50483
2020-12-24,4.50472,4.50965,4.49523,4.50356
2020-12-28,4.50091,4.51778,4.48094,4.49335
2020-12-29,4.49335,4.57051,4.47695,4.53808
2020-12-30,4.53808,4.60543,4.51454,4.58058
2020-12-31,4.58104,4.62237,4.54561,4.56218
2021-01-04,4.56241,4.56391,4.52648,4.55653
2021-01-05,4.55606,4.56211,4.52862,4.53653
2021-01-06,4.53634,4.53824,4.50722,4.52752
2021-01-07,4.52749,4.53048,4.49475,4.51829
2021-01-08,4.51899,4.52958,4.50763,4.50942
2021-01-11,4.51074,4.53357,4.50876,4.5255
2021-01-12,4.52548,4.53051,4.51686,4.52228
2021-01-13,4.52246,4.5459,4.51962,4.54091
2021-01-14,4.54103,4.55197,4.53369,4.54109
2021-01-15,4.5412,4.55094,4.53626,4.53841
2021-01-18,4.53883,4.54849,4.52699,4.53423
2021-01-19,4.53525,4.53856,4.52599,4.53417
2021-01-20,4.53421,4.54919,4.52287,4.53499
2021-01-21,4.53444,4.53692,4.52631,4.53249
2021-01-22,4.53228,4.54494,4.5292,4.54072
2021-01-25,4.539,4.54447,4.53247,4.54015
2021-01-26,4.54,4.55412,4.53935,4.54429
2021-01-27,4.54326,4.55556,4.54268,4.54904
2021-01-28,4.54904,4.56174,4.53808,4.54137
2021-01-29,4.54184,4.54416,4.51731,4.51952
2021-02-01,4.5201,4.52586,4.49898,4.51023
2021-02-02,4.51025,4.51247,4.47408,4.48114
2021-02-03,4.48115,4.49582,4.473,4.48513
2021-02-04,4.48526,4.50448,4.48403,4.50055
2021-02-05,4.50044,4.5048,4.48452,4.48622
2021-02-08,4.48624,4.49012,4.47355,4.47733
2021-02-09,4.47781,4.48336,4.47282,4.47509
2021-02-10,4.47489,4.49508,4.47096,4.49081
2021-02-11,4.49148,4.50761,4.49141,4.50194
2021-02-12,4.50183,4.50889,4.4943,4.49809
2021-02-15,4.49862,4.49907,4.48031,4.48425
2021-02-16,4.48466,4.50091,4.48346,4.49418
2021-02-17,4.49418,4.50541,4.48802,4.4915
2021-02-18,4.49165,4.49707,4.47855,4.48989
2021-02-19,4.48989,4.49375,4.47936,4.48252
2021-02-22,4.48487,4.49933,4.48032,4.49382
2021-02-23,4.49127,4.50984,4.49127,4.50854
2021-02-24,4.5084,4.52454,4.50385,4.50624
2021-02-25,4.50602,4.52583,4.50256,4.51781
2021-02-26,4.51775,4.52802,4.50779,4.52051
2021-03-01,4.52142,4.53694,4.50997,4.53492
2021-03-02,4.53461,4.54389,4.52911,4.54036
2021-03-03,4.54036,4.55291,4.53121,4.5426
2021-03-04,4.54255,4.56898,4.54243,4.5627
2021-03-05,4.5627,4.59968,4.56057,4.5869
2021-03-08,4.5894,4.60386,4.58253,4.59782
2021-03-09,4.59778,4.59905,4.56154,4.57041
2021-03-10,4.57019,4.57915,4.56544,4.57664
2021-03-11,4.57664,4.58798,4.56368,4.58334
2021-03-12,4.58318,4.59784,4.57963,4.58416
2021-03-15,4.58214,4.59184,4.57888,4.59015
2021-03-16,4.58995,4.59838,4.58856,4.59532
2021-03-17,4.59532,4.61761,4.59476,4.59734
2021-03-18,4.59741,4.62863,4.59458,4.62066
2021-03-19,4.62063,4.62472,4.61145,4.61429
2021-03-22,4.62231,4.62451,4.59237,4.59695
2021-03-23,4.59689,4.62048,4.58452,4.61905
2021-03-24,4.61836,4.63482,4.61562,4.62851
2021-03-25,4.62858,4.64756,4.62554,4.63446
2021-03-26,4.63419,4.65067,4.6252,4.64138
2021-03-29,4.6403,4.67834,4.62804,4.67263
2021-03-30,4.6716,4.67317,4.64358,4.65673
2021-03-31,4.65672,4.66917,4.63023,4.63237
2021-04-01,4.63244,4.6364,4.58573,4.59239
2021-04-05,4.60342,4.60907,4.58174,4.59332
2021-04-06,4.59332,4.60702,4.58646,4.59053
2021-04-07,4.59064,4.60461,4.56255,4.57487
2021-04-08,4.57493,4.57562,4.5395,4.54631
2021-04-09,4.54655,4.55441,4.52587,4.53032
2021-04-12,4.53327,4.53668,4.52032,4.52849
2021-04-13,4.52849,4.57335,4.52671,4.56623
2021-04-14,4.56625,4.56733,4.54972,4.55593
2021-04-15,4.55574,4.56183,4.54895,4.55063
2021-04-16,4.55074,4.55689,4.54048,4.54399
2021-04-19,4.54511,4.55567,4.53984,4.55172
2021-04-20,4.55172,4.5579,4.54601,4.55261
2021-04-21,4.55239,4.56314,4.54625,4.55611
2021-04-22,4.5557,4.56568,4.55252,4.56246
2021-04-23,4.5618,4.57064,4.55421,4.55506
2021-04-26,4.55229,4.56215,4.55058,4.55848
2021-04-27,4.55805,4.57433,4.55159,4.56827
2021-04-28,4.56844,4.59304,4.56727,4.57774
2021-04-29,4.57773,4.58713,4.56316,4.567
2021-04-30,4.56683,4.57135,4.54824,4.55866
2021-05-03,4.55897,4.56021,4.53763,4.54152
2021-05-04,4.54131,4.5645,4.53818,4.55687
2021-05-05,4.55684,4.58378,4.55249,4.57348
2021-05-06,4.57345,4.59076,4.5662,4.57136
2021-05-07,4.57152,4.58732,4.54908,4.55496
2021-05-10,4.55122,4.57671,4.55028,4.55862
2021-05-11,4.55854,4.57041,4.53917,4.54224
2021-05-12,4.54221,4.55676,4.53677,4.55491
2021-05-13,4.55502,4.55669,4.52111,4.52837
2021-05-14,4.52826,4.54026,4.51847,4.52906
2021-05-17,4.52864,4.54563,4.51815,4.52706
2021-05-18,4.52699,4.53427,4.51588,4.52111
2021-05-19,4.52121,4.53271,4.51532,4.52116
2021-05-20,4.52116,4.52627,4.48932,4.49425
2021-05-21,4.49363,4.5047,4.48491,4.49632
2021-05-24,4.49407,4.49542,4.47951,4.48384
2021-05-25,4.48384,4.48684,4.47808,4.48268
2021-05-26,4.48237,4.50316,4.47965,4.50107
2021-05-27,4.50082,4.50333,4.48101,4.49265
2021-05-28,4.49234,4.49431,4.48043,4.48345
2021-05-31,4.48343,4.48829,4.47761,4.47897
2021-06-01,4.47836,4.48184,4.45816,4.46071
2021-06-02,4.46066,4.47202,4.4552,4.45864
2021-06-03,4.45877,4.46543,4.44782,4.4562
2021-06-04,4.45627,4.47534,4.45453,4.45874
2021-06-07,4.459,4.47335,4.44367,4.46612
2021-06-08,4.46612,4.47397,4.46176,4.46309
2021-06-09,4.46304,4.47732,4.45069,4.4707
2021-06-10,4.47072,4.48758,4.46608,4.46939
2021-06-11,4.46939,4.50248,4.46604,4.50051
2021-06-14,4.49411,4.52116,4.48712,4.51417
2021-06-15,4.51459,4.53421,4.50064,4.52702
2021-06-16,4.52704,4.53274,4.49597,4.52408
2021-06-17,4.52398,4.56052,4.5238,4.55845
2021-06-18,4.55841,4.56486,4.53961,4.55094
2021-06-21,4.55366,4.55431,4.52293,4.52765
2021-06-22,4.52765,4.54546,4.51215,4.51447
2021-06-23,4.51456,4.54165,4.50689,4.51731
2021-06-24,4.51731,4.54128,4.51507,4.51836
2021-06-25,4.5186,4.52242,4.50425,4.51346
2021-06-28,4.5162,4.51662,4.49931,4.50163
2021-06-29,4.50158,4.52525,4.49473,4.51929
2021-06-30,4.51897,4.52608,4.50689,4.51953
2021-07-01,4.51953,4.52617,4.50459,4.51321
2021-07-02,4.5144,4.53152,4.50005,4.50848
2021-07-05,4.51612,4.51761,4.49873,4.50473
2021-07-06,4.50451,4.5179,4.49116,4.51176
2021-07-07,4.51182,4.53888,4.51065,4.52807
2021-07-08,4.52808,4.55372,4.52362,4.54427
2021-07-09,4.54454,4.55231,4.53671,4.54606
2021-07-12,4.54529,4.56119,4.53369,4.55062
2021-07-13,4.55231,4.59146,4.55066,4.58494
2021-07-14,4.58559,4.5934,4.55461,4.5676
2021-07-15,4.56766,4.58588,4.56366,4.5807
2021-07-16,4.58064,4.59059,4.57562,4.58386
2021-07-19,4.58268,4.60088,4.58082,4.59645
2021-07-20,4.59651,4.60174,4.58709,4.59282
2021-07-21,4.59282,4.60101,4.57383,4.58024
2021-07-22,4.58024,4.58103,4.55881,4.56328
2021-07-23,4.5633,4.57739,4.56277,4.57541
2021-07-26,4.57694,4.59652,4.5748,4.59103
2021-07-27,4.59103,4.59989,4.5846,4.59777
2021-07-28,4.59794,4.60129,4.5905,4.59377
2021-07-29,4.59373,4.59867,4.56698,4.57005
2021-07-30,4.57005,4.57902,4.55855,4.56992
2021-08-02,4.56641,4.57384,4.55105,4.56137
2021-08-03,4.56104,4.56448,4.54643,4.55328
2021-08-04,4.55346,4.55593,4.53401,4.54424
2021-08-05,4.5447,4.56309,4.54013,4.54159
2021-08-06,4.54192,4.57605,4.54061,4.57529
2021-08-09,4.57498,4.58003,4.56303,4.56405
2021-08-10,4.56445,4.58165,4.55726,4.57595
2021-08-11,4.57583,4.59126,4.57363,4.5795
2021-08-12,4.5795,4.59467,4.57208,4.57708
2021-08-13,4.57708,4.58248,4.56403,4.56607
2021-08-16,4.56608,4.56909,4.5578,4.56194
2021-08-17,4.56152,4.57193,4.55833,4.56364
2021-08-18,4.56346,4.56759,4.55198,4.5549
2021-08-19,4.55496,4.59196,4.55385,4.58374
2021-08-20,4.58357,4.59497,4.57939,4.583
2021-08-23,4.57657,4.59052,4.57544,4.58289
2021-08-24,4.58347,4.58795,4.57075,4.57577
2021-08-25,4.57577,4.57953,4.56586,4.57578
2021-08-26,4.57598,4.57961,4.56796,4.57355
2021-08-27,4.57404,4.58552,4.56713,4.57584
2021-08-30,4.57515,4.58005,4.55805,4.55998
2021-08-31,4.55998,4.57164,4.51476,4.52396
2021-09-01,4.52396,4.5277,4.50103,4.50642
2021-09-02,4.5067,4.51657,4.50435,4.51173
2021-09-03,4.51173,4.51884,4.50561,4.50572
2021-09-06,4.50755,4.52902,4.50679,4.52325
2021-09-07,4.52325,4.5289,4.50629,4.51221
2021-09-08,4.51215,4.52271,4.50769,4.51777
2021-09-09,4.51786,4.54684,4.51374,4.54193
2021-09-10,4.54228,4.55081,4.5377,4.54376
2021-09-13,4.54413,4.5544,4.53457,4.54994
2021-09-14,4.54988,4.55659,4.54324,4.54487
2021-09-15,4.54462,4.56796,4.54451,4.56468
2021-09-16,4.56469,4.58311,4.55856,4.57191
2021-09-17,4.57189,4.59432,4.57169,4.59025
2021-09-20,4.58932,4.61217,4.58716,4.60694
2021-09-21,4.60696,4.62964,4.59822,4.62078
2021-09-22,4.62059,4.63429,4.61402,4.62388
2021-09-23,4.62388,4.62524,4.59917,4.61046
2021-09-24,4.61036,4.62,4.60296,4.60583
2021-09-27,4.60685,4.61349,4.58893,4.59832
2021-09-28,4.5984,4.63994,4.59577,4.63614
2021-09-29,4.63608,4.6381,4.62365,4.63224
2021-09-30,4.63227,4.64793,4.58892,4.61033
2021-10-01,4.61056,4.61452,4.57539,4.57748
2021-10-04,4.57595,4.59858,4.56255,4.59588
2021-10-05,4.59519,4.62287,4.58044,4.6042
2021-10-06,4.60397,4.63127,4.54548,4.54832
2021-10-07,4.54802,4.58725,4.5393,4.58691
2021-10-08,4.58652,4.62215,4.58583,4.6053
2021-10-11,4.60461,4.61637,4.58238,4.58617
2021-10-12,4.58063,4.5929,4.57326,4.58373
2021-10-13,4.5836,4.58752,4.57016,4.57608
2021-10-14,4.57636,4.58231,4.56316,4.56935
2021-10-15,4.56921,4.57935,4.56045,4.56785
2021-10-18,4.56203,4.59086,4.5585,4.58469
2021-10-19,4.58482,4.58844,4.56988,4.58522
2021-10-20,4.58567,4.60002,4.57693,4.58482
2021-10-21,4.58483,4.60881,4.57982,4.60595
2021-10-22,4.6059,4.60921,4.59383,4.60004
2021-10-25,4.59978,4.62022,4.58803,4.61412
2021-10-26,4.61412,4.62066,4.59682,4.60861
2021-10-27,4.60919,4.62751,4.60673,4.62054
2021-10-28,4.62049,4.63112,4.60888,4.62045
2021-10-29,4.62132,4.6325,4.60923,4.6131
2021-11-01,4.61212,4.62576,4.60726,4.61706
2021-11-02,4.61713,4.62591,4.60088,4.6064
2021-11-03,4.60643,4.60886,4.57085,4.5832
2021-11-04,4.58315,4.60848,4.57964,4.60227
2021-11-05,4.60204,4.63223,4.59109,4.59775
2021-11-08,4.59958,4.60059,4.58567,4.59167
2021-11-09,4.59163,4.60155,4.58412,4.59247
2021-11-10,4.59305,4.62126,4.59192,4.61104
2021-11-11,4.61088,4.63952,4.60571,4.63659
2021-11-12,4.63689,4.65007,4.62745,4.64072
2021-11-15,4.64062,4.64777,4.62231,4.64139
2021-11-16,4.64198,4.6678,4.63875,4.6501
2021-11-17,4.64812,4.66448,4.64665,4.66176
2021-11-18,4.66187,4.67608,4.64802,4.66994
2021-11-19,4.66987,4.69949,4.6617,4.69156
2021-11-22,4.6945,4.72391,4.68387,4.70855
2021-11-23,4.70833,4.72778,4.69348,4.7033
2021-11-24,4.7033,4.70443,4.67017,4.67876
2021-11-25,4.67893,4.68315,4.66391,4.67756
2021-11-26,4.67837,4.72421,4.67523,4.71064
2021-11-29,4.71014,4.71317,4.67576,4.68242
2021-11-30,4.68269,4.68851,4.64916,4.66035
2021-12-01,4.65763,4.66069,4.60769,4.62451
2021-12-02,4.62434,4.62508,4.58776,4.5956
2021-12-03,4.59564,4.62234,4.58539,4.59937
2021-12-06,4.59801,4.60311,4.58468,4.59048
2021-12-07,4.59035,4.60308,4.58019,4.58261
2021-12-08,4.58231,4.6201,4.57921,4.61437
2021-12-09,4.61432,4.62512,4.59702,4.60621
2021-12-10,4.60621,4.62434,4.60146,4.62027
2021-12-13,4.61933,4.64236,4.6059,4.63956
2021-12-14,4.63878,4.6459,4.6206,4.63177
2021-12-15,4.63172,4.63613,4.61263,4.62202
2021-12-16,4.62206,4.64192,4.62036,4.63293
2021-12-17,4.63351,4.64035,4.62344,4.63197
2021-12-20,4.63243,4.64486,4.62284,4.62852
2021-12-21,4.62806,4.63804,4.61783,4.62106
2021-12-22,4.62147,4.63759,4.61453,4.63556
2021-12-23,4.63384,4.63782,4.6221,4.62772
2021-12-24,4.62772,4.63395,4.61314,4.62115
2021-12-27,4.62356,4.62795,4.59613,4.61679
2021-12-28,4.61406,4.61919,4.59166,4.60168
2021-12-29,4.60157,4.60559,4.59213,4.59751
2021-12-30,4.59898,4.59964,4.58666,4.59711
2021-12-31,4.59684,4.60089,4.58217,4.58921
2022-01-03,4.59028,4.59317,4.57255,4.57664
2022-01-04,4.57613,4.58224,4.56284,4.56521
2022-01-05,4.56525,4.58023,4.56399,4.57844
2022-01-06,4.57844,4.58593,4.55217,4.55491
2022-01-07,4.55491,4.55893,4.54249,4.54532
2022-01-10,4.54497,4.54887,4.5288,4.53995
2022-01-11,4.54004,4.54658,4.53615,4.53701
2022-01-12,4.53669,4.54267,4.51958,4.52599
2022-01-13,4.52577,4.54462,4.52367,4.54269
2022-01-14,4.54115,4.54429,4.53186,4.5359
2022-01-17,4.53583,4.54036,4.51715,4.52564
2022-01-18,4.52554,4.5405,4.5217,4.53486
2022-01-19,4.53592,4.54499,4.518,4.52589
2022-01-20,4.52259,4.52986,4.50954,4.52572
2022-01-21,4.52205,4.54987,4.50989,4.53074
2022-01-24,4.52625,4.58048,4.52238,4.56688
2022-01-25,4.56683,4.59515,4.56454,4.58266
2022-01-26,4.58291,4.59642,4.57945,4.58458
2022-01-27,4.58469,4.59418,4.54656,4.56126
2022-01-28,4.56059,4.59943,4.55819,4.58627
2022-01-31,4.58389,4.60144,4.57772,4.58055
2022-02-01,4.58055,4.58941,4.56412,4.57175
2022-02-02,4.5737,4.57433,4.53686,4.54049
2022-02-03,4.54055,4.54857,4.51927,4.54248
2022-02-04,4.54399,4.56748,4.53507,4.56654
2022-02-07,4.56134,4.56574,4.53316,4.53471
2022-02-08,4.53602,4.5455,4.52373,4.52579
2022-02-09,4.5261,4.53061,4.48862,4.49563
2022-02-10,4.49523,4.50802,4.48295,4.50558
2022-02-11,4.50561,4.57927,4.50188,4.56771
2022-02-14,4.57116,4.58662,4.5289,4.5516
2022-02-15,4.55461,4.559,4.49081,4.49782
2022-02-16,4.49767,4.50447,4.48249,4.50243
2022-02-17,4.50253,4.52932,4.49622,4.52647
2022-02-18,4.52636,4.53914,4.51197,4.53177
2022-02-21,4.52976,4.54464,4.508,4.54396
2022-02-22,4.54392,4.55665,4.53491,4.54763
2022-02-23,4.54744,4.58903,4.52544,4.589
2022-02-24,4.58978,4.72109,4.58672,4.63024
2022-02-25,4.63026,4.67187,4.61749,4.64053
2022-02-28,4.69636,4.71431,4.66861,4.7023
2022-03-01,4.70227,4.80841,4.67672,4.73966
2022-03-02,4.7386,4.83357,4.73096,4.74882
2022-03-03,4.74901,4.81988,4.74412,4.81752
2022-03-04,4.81928,4.90495,4.79372,4.89675
2022-03-07,4.90599,5.00341,4.90592,4.98145
2022-03-08,4.98193,4.99754,4.86058,4.90878
2022-03-09,4.90771,4.91354,4.74584,4.77451
2022-03-10,4.77833,4.85708,4.76845,4.77957
2022-03-11,4.77802,4.80794,4.77116,4.78277
2022-03-14,4.79667,4.79795,4.70826,4.73871
2022-03-15,4.73917,4.75422,4.69425,4.70729
2022-03-16,4.70663,4.71982,4.65972,4.66626
2022-03-17,4.66619,4.69862,4.6612,4.68283
2022-03-18,4.68283,4.73598,4.67917,4.71193
